Group Name,Link or JID,Category,Shift,Group Type
Warangal TS Police SI & Constable Batch,https://chat.whatsapp.com/sample_police_warangal,POLICE,MORNING,EXAM_SPECIFIC
Guntur AP DSC SGT Aspirants 2026,https://chat.whatsapp.com/sample_dsc_guntur,TET_DSC,ALL_DAY,EXAM_SPECIFIC
Telangana Group 1 2 3 State Service Hub,https://chat.whatsapp.com/sample_tspsc_state,TSPSC,ALL_DAY,EXAM_SPECIFIC
Andhra Pradesh APPSC Group 2 & 4 Warriors,https://chat.whatsapp.com/sample_appsc_state,APPSC,ALL_DAY,EXAM_SPECIFIC
TS 10th Class SSC Board 2026 Toppers,https://chat.whatsapp.com/sample_ts_10th,TS_10TH,ALL_DAY,EXAM_SPECIFIC
AP 10th Class BSEAP Board Exam Prep,https://chat.whatsapp.com/sample_ap_10th,AP_10TH,ALL_DAY,EXAM_SPECIFIC
TS Intermediate MPC & BiPC Study Circle,https://chat.whatsapp.com/sample_ts_inter,TS_INTER,MORNING,EXAM_SPECIFIC
AP Intermediate BIEAP & EAPCET Network,https://chat.whatsapp.com/sample_ap_inter,AP_INTER,MORNING,EXAM_SPECIFIC
TS Diploma SBTET & POLYCET Circle,https://chat.whatsapp.com/sample_ts_diploma,TS_DIPLOMA,ALL_DAY,EXAM_SPECIFIC
AP Diploma SBTET Polytechnic & ECET Hub,https://chat.whatsapp.com/sample_ap_diploma,AP_DIPLOMA,ALL_DAY,EXAM_SPECIFIC
TS Degree Colleges (B.Com/B.Sc/B.A) Forum,https://chat.whatsapp.com/sample_ts_degree,TS_DEGREE,EVENING,EXAM_SPECIFIC
AP Degree Colleges AU & SVU Students Union,https://chat.whatsapp.com/sample_ap_degree,AP_DEGREE,EVENING,EXAM_SPECIFIC
TS B.Tech Engineering & Placement Hub,https://chat.whatsapp.com/sample_ts_btech,TS_BTECH,EVENING,EXAM_SPECIFIC
AP B.Tech JNTUK & JNTUA Placements,https://chat.whatsapp.com/sample_ap_btech,AP_BTECH,EVENING,EXAM_SPECIFIC
TS & AP ITI Electrician & Fitter Forum,https://chat.whatsapp.com/sample_iti_students,ITI_ALL,ALL_DAY,EXAM_SPECIFIC
Dr BR Ambedkar Open University BRAOU Network,https://chat.whatsapp.com/sample_braou_univ,OPEN_UNIV,ALL_DAY,EXAM_SPECIFIC
SSC CGL / CHSL / MTS Central Exam Prep,https://chat.whatsapp.com/sample_ssc_central,SSC,MORNING,EXAM_SPECIFIC
Railway RRB NTPC & Group D Warriors,https://chat.whatsapp.com/sample_rrb_railway,RAILWAY,MORNING,EXAM_SPECIFIC
State Bank SBI PO & IBPS Clerk Circle,https://chat.whatsapp.com/sample_banking_sbi,BANKING,MORNING,EXAM_SPECIFIC
Telangana & AP General Study Circle,https://chat.whatsapp.com/sample_general_circle,CURRENT,ALL_DAY,GENERAL
